{
    "BasicAccuracies": [
        0.2982456140350877,
        0.2631578947368421,
        0.2631578947368421,
        0.21052631578947367
    ],
    "DirPath": "images\\bee_ag_red",
    "rightMaps": [
        {
            "1": 5,
            "5": 2,
            "8": 4,
            "2": 2,
            "12": 2,
            "10": 2
        },
        {
            "1": 4,
            "2": 3,
            "5": 4,
            "8": 4
        },
        {
            "1": 4,
            "10": 1,
            "2": 3,
            "5": 4,
            "8": 3
        },
        {
            "1": 2,
            "10": 1,
            "8": 5,
            "2": 1,
            "5": 3
        }
    ],
    "TrainLossesSets": [
        [
            2.5605056285858154,
            2.56628155708313,
            2.5894126892089844,
            2.425917148590088,
            2.4757168292999268,
            2.4952476024627686,
            2.390683174133301,
            2.390824317932129,
            2.4198110103607178,
            2.3557536602020264
        ],
        [
            2.4083425998687744,
            2.3732993602752686,
            2.4259307384490967,
            2.425930976867676,
            2.4258670806884766,
            2.4259302616119385,
            2.390843152999878,
            2.4429361820220947,
            2.4406511783599854,
            2.390842914581299
        ],
        [
            2.425930976867676,
            2.4605350494384766,
            2.443415641784668,
            2.4435882568359375,
            2.4083831310272217,
            2.3907806873321533,
            2.4609673023223877,
            2.443474769592285,
            2.3732993602752686,
            2.443441390991211
        ],
        [
            2.443474769592285,
            2.408369541168213,
            2.390843152999878,
            2.4433939456939697,
            2.443474769592285,
            2.390842914581299,
            2.4432969093322754,
            2.443474531173706,
            2.425818681716919,
            2.4259300231933594
        ]
    ]
}