{
    "BasicAccuracies": [
        0.2807017543859649,
        0.17543859649122806,
        0.21052631578947367,
        0.14035087719298245
    ],
    "DirPath": "images\\bee_ag_blue",
    "rightMaps": [
        {
            "10": 3,
            "3": 3,
            "4": 3,
            "8": 1,
            "11": 3,
            "1": 1,
            "5": 1,
            "7": 1
        },
        {
            "8": 2,
            "11": 2,
            "1": 1,
            "3": 3,
            "7": 1,
            "5": 1
        },
        {
            "3": 1,
            "5": 3,
            "7": 4,
            "8": 2,
            "11": 2
        },
        {
            "7": 4,
            "8": 2,
            "5": 2
        }
    ],
    "TrainLossesSets": [
        [
            2.556748867034912,
            2.4785587787628174,
            2.478473663330078,
            2.4610440731048584,
            2.425762891769409,
            2.4777610301971436,
            2.4608020782470703,
            2.469707727432251,
            2.403366804122925,
            2.390629291534424
        ],
        [
            2.4961063861846924,
            2.409912347793579,
            2.425930976867676,
            2.443286657333374,
            2.4610185623168945,
            2.5136499404907227,
            2.4610185623168945,
            2.425930976867676,
            2.443331003189087,
            2.4257469177246094
        ],
        [
            2.4733052253723145,
            2.478562355041504,
            2.4610185623168945,
            2.3949692249298096,
            2.4785614013671875,
            2.4961061477661133,
            2.5136501789093018,
            2.4434731006622314,
            2.4783339500427246,
            2.56628155708313
        ],
        [
            2.4961061477661133,
            2.56628155708313,
            2.56628155708313,
            2.531193733215332,
            2.56628155708313,
            2.530827283859253,
            2.5487375259399414,
            2.56628155708313,
            2.5485870838165283,
            2.5662760734558105
        ]
    ]
}