{
    "BasicAccuracies": [
        0.15789473684210525,
        0.17543859649122806,
        0.19298245614035087,
        0.15789473684210525
    ],
    "DirPath": "images\\blue_keith_haring",
    "rightMaps": [
        {
            "4": 6,
            "10": 2,
            "6": 1
        },
        {
            "4": 5,
            "10": 3,
            "6": 2
        },
        {
            "4": 6,
            "6": 1,
            "10": 4
        },
        {
            "4": 5,
            "10": 4
        }
    ],
    "TrainLossesSets": [
        [
            2.560826539993286,
            2.5136492252349854,
            2.4961061477661133,
            2.4961063861846924,
            2.4961063861846924,
            2.513650894165039,
            2.4961063861846924,
            2.478562355041504,
            2.5487375259399414,
            2.531193971633911
        ],
        [
            2.5487375259399414,
            2.4610185623168945,
            2.5136499404907227,
            2.4961061477661133,
            2.5136499404907227,
            2.531193733215332,
            2.5487375259399414,
            2.513646125793457,
            2.5136499404907227,
            2.5136499404907227
        ],
        [
            2.5487375259399414,
            2.5487375259399414,
            2.531193733215332,
            2.5487375259399414,
            2.4961061477661133,
            2.5487375259399414,
            2.531193733215332,
            2.5136499404907227,
            2.5657830238342285,
            2.531193733215332
        ],
        [
            2.56628155708313,
            2.4961063861846924,
            2.478562355041504,
            2.618913173675537,
            2.531193733215332,
            2.4961063861846924,
            2.513653039932251,
            2.4961061477661133,
            2.5487375259399414,
            2.531193733215332
        ]
    ]
}