{
    "BasicAccuracies": [
        0.3333333333333333,
        0.2982456140350877,
        0.3508771929824561,
        0.3157894736842105
    ],
    "DirPath": "images\\blue_flower",
    "rightMaps": [
        {
            "1": 5,
            "13": 4,
            "3": 3,
            "6": 1,
            "7": 2,
            "11": 3,
            "8": 1
        },
        {
            "1": 3,
            "11": 3,
            "13": 4,
            "3": 3,
            "6": 1,
            "7": 2,
            "8": 1
        },
        {
            "1": 4,
            "11": 4,
            "13": 5,
            "3": 2,
            "6": 1,
            "8": 2,
            "7": 2
        },
        {
            "1": 6,
            "11": 3,
            "3": 1,
            "6": 1,
            "13": 2,
            "7": 3,
            "8": 2
        }
    ],
    "TrainLossesSets": [
        [
            2.5679380893707275,
            2.4434640407562256,
            2.3732800483703613,
            2.408271551132202,
            2.408388137817383,
            2.4259302616119385,
            2.355764627456665,
            2.373317003250122,
            2.390843152999878,
            2.4083869457244873
        ],
        [
            2.355755567550659,
            2.3555588722229004,
            2.3732993602752686,
            2.390843152999878,
            2.4610183238983154,
            2.3911638259887695,
            2.390843152999878,
            2.4083869457244873,
            2.3903391361236572,
            2.355755567550659
        ],
        [
            2.338193416595459,
            2.355665445327759,
            2.3379015922546387,
            2.3732993602752686,
            2.3732993602752686,
            2.3030498027801514,
            2.355755567550659,
            2.3382115364074707,
            2.4083869457244873,
            2.355755567550659
        ],
        [
            2.37335205078125,
            2.4083869457244873,
            2.390843152999878,
            2.319241523742676,
            2.320631980895996,
            2.3206677436828613,
            2.303105592727661,
            2.268033742904663,
            2.3382115364074707,
            2.3732993602752686
        ]
    ]
}