{
    "BasicAccuracies": [
        0.14035087719298245,
        0.14035087719298245,
        0.15789473684210525,
        0.14035087719298245
    ],
    "DirPath": "images\\blue_keith_haring_frame",
    "rightMaps": [
        {
            "13": 1,
            "1": 1,
            "11": 4,
            "4": 2
        },
        {
            "13": 2,
            "1": 1,
            "11": 3,
            "3": 1,
            "4": 1
        },
        {
            "13": 2,
            "1": 1,
            "11": 4,
            "4": 1,
            "9": 1
        },
        {
            "13": 2,
            "1": 1,
            "11": 4,
            "3": 1
        }
    ],
    "TrainLossesSets": [
        [
            2.5646185874938965,
            2.398104667663574,
            2.500542163848877,
            2.5334463119506836,
            2.4777934551239014,
            2.5487372875213623,
            2.56628155708313,
            2.6013691425323486,
            2.601367235183716,
            2.56628155708313
        ],
        [
            2.5136499404907227,
            2.6013691425323486,
            2.5487375259399414,
            2.6013691425323486,
            2.6013691425323486,
            2.56628155708313,
            2.618913173675537,
            2.5487375259399414,
            2.654000759124756,
            2.6364569664001465
        ],
        [
            2.5487091541290283,
            2.56628155708313,
            2.6013691425323486,
            2.5838253498077393,
            2.56628155708313,
            2.58382511138916,
            2.5838253498077393,
            2.56628155708313,
            2.56628155708313,
            2.5838253498077393
        ],
        [
            2.6013691425323486,
            2.5487375259399414,
            2.5838253498077393,
            2.5487382411956787,
            2.5838255882263184,
            2.6013691425323486,
            2.5487167835235596,
            2.5487375259399414,
            2.6013691425323486,
            2.5838253498077393
        ]
    ]
}