{
    "BasicAccuracies": [
        0.14035087719298245,
        0.24561403508771928,
        0.19298245614035087,
        0.12280701754385964
    ],
    "DirPath": "images\\blue_flower_frame",
    "rightMaps": [
        {
            "8": 1,
            "10": 5,
            "2": 1,
            "3": 1
        },
        {
            "10": 5,
            "2": 4,
            "8": 1,
            "3": 2,
            "12": 2
        },
        {
            "10": 5,
            "2": 2,
            "8": 2,
            "3": 2
        },
        {
            "8": 3,
            "10": 2,
            "3": 1,
            "5": 1
        }
    ],
    "TrainLossesSets": [
        [
            2.572995901107788,
            2.5486128330230713,
            2.531193733215332,
            2.5136499404907227,
            2.5486724376678467,
            2.4961063861846924,
            2.566272020339966,
            2.5487375259399414,
            2.5487380027770996,
            2.5311925411224365
        ],
        [
            2.56628155708313,
            2.5144286155700684,
            2.4610185623168945,
            2.4961061477661133,
            2.4961063861846924,
            2.496023654937744,
            2.5485503673553467,
            2.5136501789093018,
            2.4610185623168945,
            2.5487375259399414
        ],
        [
            2.4958887100219727,
            2.4610185623168945,
            2.4609568119049072,
            2.49594783782959,
            2.513641357421875,
            2.442561149597168,
            2.531193971633911,
            2.513413906097412,
            2.4610185623168945,
            2.5136501789093018
        ],
        [
            2.5487375259399414,
            2.478562355041504,
            2.4961061477661133,
            2.5291953086853027,
            2.5136501789093018,
            2.531193733215332,
            2.531193733215332,
            2.5136501789093018,
            2.5662789344787598,
            2.5662851333618164
        ]
    ]
}