{
    "BasicAccuracies": [
        0.17307692307692307,
        0.23076923076923078,
        0.1346153846153846,
        0.11538461538461539
    ],
    "DirPath": "images\\red_heith_haring",
    "rightMaps": [
        {
            "13": 2,
            "2": 3,
            "6": 3,
            "1": 1
        },
        {
            "13": 4,
            "2": 4,
            "1": 3,
            "7": 1
        },
        {
            "1": 4,
            "13": 2,
            "2": 1
        },
        {
            "2": 1,
            "13": 2,
            "1": 3
        }
    ],
    "TrainLossesSets": [
        [
            2.559312582015991,
            2.5546414852142334,
            2.5156266689300537,
            2.47481632232666,
            2.400627374649048,
            2.4770944118499756,
            2.5309219360351562,
            2.5011324882507324,
            2.4769937992095947,
            2.45831036567688
        ],
        [
            2.5239932537078857,
            2.554473400115967,
            2.554473400115967,
            2.5352511405944824,
            2.5160117149353027,
            2.5352425575256348,
            2.5160117149353027,
            2.4581735134124756,
            2.4952433109283447,
            2.4583194255828857
        ],
        [
            2.5540859699249268,
            2.4775502681732178,
            2.4583163261413574,
            2.496779203414917,
            2.5160117149353027,
            2.5352423191070557,
            2.5352425575256348,
            2.4967808723449707,
            2.5352425575256348,
            2.5929348468780518
        ],
        [
            2.5737040042877197,
            2.5737037658691406,
            2.5352425575256348,
            2.5160117149353027,
            2.5160117149353027,
            2.6121609210968018,
            2.5160117149353027,
            2.5737040042877197,
            2.5929348468780518,
            2.5352425575256348
        ]
    ]
}