{
    "BasicAccuracies": [
        0.07692307692307693,
        0.17307692307692307,
        0.11538461538461539,
        0.09615384615384616
    ],
    "DirPath": "images\\red_heith_haring_frame",
    "rightMaps": [
        {
            "5": 3,
            "10": 1
        },
        {
            "3": 4,
            "5": 3,
            "10": 2
        },
        {
            "5": 2,
            "10": 3,
            "3": 1
        },
        {
            "5": 2,
            "10": 2,
            "3": 1
        }
    ],
    "TrainLossesSets": [
        [
            2.570857048034668,
            2.50555157661438,
            2.477731227874756,
            2.5159924030303955,
            2.5544183254241943,
            2.496224880218506,
            2.5544724464416504,
            2.5929346084594727,
            2.516011953353882,
            2.5508012771606445
        ],
        [
            2.5160601139068604,
            2.5150914192199707,
            2.5160112380981445,
            2.5160117149353027,
            2.5737040042877197,
            2.590512275695801,
            2.5160114765167236,
            2.535158395767212,
            2.5352425575256348,
            2.573699951171875
        ],
        [
            2.5159811973571777,
            2.5160112380981445,
            2.5346739292144775,
            2.5159213542938232,
            2.477543830871582,
            2.554473400115967,
            2.496373176574707,
            2.5160114765167236,
            2.5154495239257812,
            2.534729242324829
        ],
        [
            2.5160067081451416,
            2.612112522125244,
            2.5542917251586914,
            2.5160117149353027,
            2.5352425575256348,
            2.5352425575256348,
            2.5352425575256348,
            2.5929348468780518,
            2.554473400115967,
            2.573728322982788
        ]
    ]
}