{
    "BasicAccuracies": [
        0.12280701754385964,
        0.10526315789473684,
        0.08771929824561403,
        0.12280701754385964
    ],
    "DirPath": "images\\red_flower",
    "rightMaps": [
        {
            "12": 4,
            "13": 2,
            "10": 1
        },
        {
            "9": 1,
            "10": 1,
            "12": 4
        },
        {
            "7": 1,
            "12": 3,
            "10": 1
        },
        {
            "7": 2,
            "12": 3,
            "10": 2
        }
    ],
    "TrainLossesSets": [
        [
            2.5571296215057373,
            2.6013691425323486,
            2.5838162899017334,
            2.5486176013946533,
            2.5487375259399414,
            2.6013691425323486,
            2.6364569664001465,
            2.5838253498077393,
            2.56628155708313,
            2.5662801265716553
        ],
        [
            2.6006252765655518,
            2.618913173675537,
            2.5838253498077393,
            2.6188690662384033,
            2.4961063861846924,
            2.5838162899017334,
            2.5487375259399414,
            2.601022720336914,
            2.583749294281006,
            2.6013691425323486
        ],
        [
            2.56628155708313,
            2.6013691425323486,
            2.562991142272949,
            2.618913173675537,
            2.618913173675537,
            2.5838253498077393,
            2.58381724357605,
            2.6013691425323486,
            2.618913412094116,
            2.618913173675537
        ],
        [
            2.5838253498077393,
            2.545046091079712,
            2.531193733215332,
            2.6013691425323486,
            2.56628155708313,
            2.56628155708313,
            2.56628155708313,
            2.5838253498077393,
            2.6013691425323486,
            2.6013691425323486
        ]
    ]
}