{
    "BasicAccuracies": [
        0.21052631578947367,
        0.22807017543859648,
        0.12280701754385964,
        0.14035087719298245
    ],
    "DirPath": "images\\red_flower_frame",
    "rightMaps": [
        {
            "6": 2,
            "1": 1,
            "9": 4,
            "7": 2,
            "8": 2,
            "3": 1
        },
        {
            "6": 6,
            "1": 1,
            "8": 3,
            "3": 2,
            "7": 1
        },
        {
            "6": 4,
            "1": 2,
            "7": 1
        },
        {
            "6": 6,
            "1": 2
        }
    ],
    "TrainLossesSets": [
        [
            2.570124387741089,
            2.530413866043091,
            2.5662500858306885,
            2.566922187805176,
            2.56628155708313,
            2.6182713508605957,
            2.5487375259399414,
            2.5136501789093018,
            2.5136499404907227,
            2.531193971633911
        ],
        [
            2.479072093963623,
            2.3732993602752686,
            2.390843152999878,
            2.390843152999878,
            2.411451578140259,
            2.390843152999878,
            2.4785425662994385,
            2.4961063861846924,
            2.478562355041504,
            2.4961063861846924
        ],
        [
            2.5487375259399414,
            2.5568957328796387,
            2.531193971633911,
            2.56628155708313,
            2.5136499404907227,
            2.5838253498077393,
            2.6013691425323486,
            2.531195878982544,
            2.4785571098327637,
            2.618913173675537
        ],
        [
            2.531193971633911,
            2.6013691425323486,
            2.56628155708313,
            2.56628155708313,
            2.5487375259399414,
            2.531193733215332,
            2.618913173675537,
            2.5487375259399414,
            2.583768606185913,
            2.56628155708313
        ]
    ]
}